objId,flatsCount,buildingClass,wallMaterial,finishTypeCount,freePlan,parkingCount,objEnergyEfficiency
66745,150,Комфорт,Монолит-кирпич,1,Нет,0,A
66364,462,Комфорт,Монолит-кирпич,1,Нет,0,B
65899,6,Бизнес,Монолит-кирпич,1,Нет,0,B
65898,7,Бизнес,Монолит-кирпич,1,Нет,0,B
65897,6,Бизнес,Монолит-кирпич,1,Нет,0,B
65896,8,Бизнес,Монолит-кирпич,1,Нет,0,B
65895,5,Бизнес,Монолит-кирпич,1,Нет,0,B
65893,6,Бизнес,Монолит-кирпич,1,Нет,0,B
65892,6,Бизнес,Монолит-кирпич,1,Нет,0,B
65891,5,Бизнес,Монолит-кирпич,1,Нет,0,B
65888,6,Бизнес,Монолит-кирпич,1,Нет,0,B
65887,5,Бизнес,Монолит-кирпич,1,Нет,0,B
65885,6,Бизнес,Монолит-кирпич,1,Нет,0,B
65884,4,Бизнес,Монолит-кирпич,1,Нет,0,B
65883,6,Бизнес,Монолит-кирпич,1,Нет,0,B
65880,6,Бизнес,Монолит-кирпич,1,Нет,0,B
65879,6,Бизнес,Монолит-кирпич,1,Нет,0,B
65878,4,Бизнес,Монолит-кирпич,1,Нет,0,B
65876,6,Бизнес,Монолит-кирпич,1,Нет,0,B
65874,3,Бизнес,Монолит-кирпич,1,Нет,0,B
65873,2,Бизнес,Монолит-кирпич,1,Нет,0,B
65872,4,Бизнес,Монолит-кирпич,1,Нет,0,B
65867,4,Бизнес,Монолит-кирпич,1,Нет,0,B
65866,7,Бизнес,Монолит-кирпич,1,Нет,0,B
65862,4,Бизнес,Монолит-кирпич,1,Нет,0,B
65861,6,Бизнес,Монолит-кирпич,1,Нет,0,B
65859,2,Бизнес,Монолит-кирпич,1,Нет,0,B
65853,2,Бизнес,Монолит-кирпич,1,Нет,0,B
65852,2,Бизнес,Монолит-кирпич,1,Нет,0,B
65851,2,Бизнес,Монолит-кирпич,1,Нет,0,B
65849,2,Бизнес,Монолит-кирпич,1,Нет,0,B
65846,2,Бизнес,Монолит-кирпич,1,Нет,0,B
65844,2,Бизнес,Монолит-кирпич,1,Нет,0,B
65843,2,Бизнес,Монолит-кирпич,1,Нет,0,B
65576,78,Типовой,Другое,1,Нет,0,B
65430,786,Комфорт,Монолит-кирпич,1,Нет,0,C
65429,868,Комфорт,Монолит-кирпич,1,Нет,0,C
65427,928,Комфорт,Монолит-кирпич,1,Нет,0,C
65131,70,Комфорт,Другое,1,Нет,0,B
65116,396,Комфорт,Другое,1,Нет,0,B
65065,438,Комфорт,Монолит-кирпич,1,Нет,0,A
64852,180,Комфорт,Монолит-кирпич,1,Нет,0,B
64816,345,Комфорт,Другое,1,Нет,0,A
64815,83,Комфорт,Другое,1,Нет,0,A
64814,83,Комфорт,Другое,1,Нет,0,A
64813,309,Комфорт,Другое,1,Нет,0,A
64794,155,Комфорт,Панель,1,Нет,0,B
64752,638,Комфорт,Монолит-кирпич,1,Нет,0,B
64664,62,Комфорт,Монолит-кирпич,1,Нет,0,B
64657,62,Комфорт,Монолит-кирпич,1,Нет,0,B
64542,771,Комфорт,Монолит-кирпич,1,Нет,0,B
64530,692,Комфорт,Монолит-кирпич,1,Нет,0,A
64400,504,Комфорт,Монолит-кирпич,1,Нет,0,B
64245,779,Комфорт,Другое,1,Нет,182,A
64188,487,Комфорт,Монолит-кирпич,1,Нет,0,B
64057,156,Комфорт,Монолит,1,Нет,0,B
63936,1068,Комфорт,Монолит-кирпич,1,Нет,0,B
63751,373,Комфорт,Монолит-кирпич,1,Нет,0,C
63750,461,Комфорт,Монолит-кирпич,1,Нет,0,C
63650,205,Типовой,Панель,1,Нет,0,B
63649,136,Типовой,Панель,1,Нет,0,B
63648,120,Типовой,Монолит,1,Нет,0,B
63378,130,Бизнес,Монолит-кирпич,1,Нет,0,B
63376,168,Бизнес,Монолит-кирпич,1,Нет,0,B
63375,104,Бизнес,Монолит-кирпич,1,Нет,0,B
63300,874,Комфорт,Другое,1,Нет,0,B
63278,643,Комфорт,Монолит-кирпич,1,Нет,0,B
63138,924,Типовой,Монолит-кирпич,1,Нет,0,A
63135,672,Комфорт,Другое,1,Нет,192,B
63121,187,Комфорт,Другое,1,Нет,0,C
62921,596,Комфорт,Монолит-кирпич,1,Есть,0,C
62662,46,Типовой,Панель,1,Нет,0,B
62604,640,Типовой,Монолит-кирпич,1,Нет,0,C
62413,491,Комфорт,Монолит-кирпич,1,Нет,0,B
62248,831,Комфорт,Другое,1,Нет,0,C
62244,187,Комфорт,Другое,1,Нет,0,C
61995,252,Типовой,Монолит,1,Нет,0,B
61994,371,Комфорт,Панель,1,Нет,0,B
61993,89,Комфорт,Панель,1,Нет,0,B
61992,89,Комфорт,Панель,1,Нет,0,B
61991,89,Комфорт,Панель,1,Нет,0,B
61744,347,Комфорт,Монолит-кирпич,1,Нет,0,A
61706,52,Типовой,Панель,1,Нет,0,B
61660,83,Комфорт,Монолит-кирпич,1,Нет,0,A
61463,395,Комфорт,Другое,1,Нет,0,A
61455,186,Бизнес,Монолит-кирпич,1,Нет,0,B
61378,522,Комфорт,Другое,1,Нет,0,B
61191,223,Типовой,Панель,1,Нет,0,B
60881,140,Комфорт,Другое,1,Нет,0,A+
60878,44,Бизнес,Монолит-кирпич,1,Нет,0,B
60877,24,Бизнес,Монолит-кирпич,1,Нет,0,B
60786,115,Комфорт,Монолит-кирпич,1,Нет,0,C
60257,456,Комфорт,Монолит-кирпич,1,Нет,0,A
60256,167,Комфорт,Монолит-кирпич,1,Нет,0,A
60255,168,Комфорт,Монолит-кирпич,1,Нет,0,A
59946,918,Типовой,Монолит-кирпич,1,Нет,0,B
59940,904,Комфорт,Монолит-кирпич,1,Нет,222,B
59921,120,Комфорт,Монолит-кирпич,1,Нет,0,C
59920,207,Комфорт,Монолит-кирпич,1,Нет,0,C
59893,62,Бизнес,Монолит-кирпич,1,Нет,0,B
59678,117,Комфорт,Монолит-кирпич,1,Нет,0,B
59382,452,Комфорт,Панель,1,Нет,0,B
59364,605,Комфорт,Монолит-кирпич,1,Нет,51,A
59232,432,Комфорт,Другое,1,Нет,0,B
59231,234,Комфорт,Другое,1,Нет,0,B
59109,144,Комфорт,Блоки,1,Нет,0,B
59106,188,Комфорт,Другое,1,Нет,0,A+
58719,70,Комфорт,Панель,1,Нет,0,D
58717,252,Комфорт,Панель,1,Нет,0,D
58716,274,Комфорт,Панель,1,Нет,0,D
58317,101,Комфорт,Монолит-кирпич,1,Нет,0,B
58311,352,Комфорт,Монолит-кирпич,1,Нет,0,B
58310,254,Комфорт,Монолит-кирпич,1,Нет,0,B
57267,1031,Комфорт,Монолит-кирпич,1,Нет,204,C
57123,167,Комфорт,Монолит-кирпич,1,Нет,0,A
57121,530,Комфорт,Монолит-кирпич,1,Нет,0,A
57120,468,Комфорт,Монолит-кирпич,1,Нет,0,A
56798,200,Типовой,Панель,1,Нет,0,A
56797,100,Типовой,Панель,1,Нет,0,B
56622,6,Бизнес,Монолит-кирпич,1,Нет,0,B
56621,6,Бизнес,Монолит-кирпич,1,Нет,0,B
56620,8,Бизнес,Монолит-кирпич,1,Нет,0,B
56618,7,Бизнес,Монолит-кирпич,1,Нет,0,B
56617,4,Бизнес,Монолит-кирпич,1,Нет,0,B
56612,4,Бизнес,Монолит-кирпич,1,Нет,0,B
56609,4,Бизнес,Монолит-кирпич,1,Нет,0,B
56607,6,Бизнес,Монолит-кирпич,1,Нет,0,B
56606,8,Бизнес,Монолит-кирпич,1,Нет,0,B
56605,8,Бизнес,Монолит-кирпич,1,Нет,0,B
56604,4,Бизнес,Монолит-кирпич,1,Нет,0,B
56603,4,Бизнес,Монолит-кирпич,1,Нет,0,B
56602,4,Бизнес,Монолит-кирпич,1,Нет,0,B
56601,4,Бизнес,Монолит-кирпич,1,Нет,0,B
56599,7,Бизнес,Монолит-кирпич,1,Нет,0,B
56598,6,Бизнес,Монолит-кирпич,1,Нет,0,B
56597,7,Бизнес,Монолит-кирпич,1,Нет,0,B
56596,3,Бизнес,Монолит-кирпич,1,Нет,0,B
56595,4,Бизнес,Монолит-кирпич,1,Нет,0,B
56593,5,Бизнес,Монолит-кирпич,1,Нет,0,B
56587,5,Бизнес,Монолит-кирпич,1,Нет,0,B
56586,8,Бизнес,Монолит-кирпич,1,Нет,0,B
56585,4,Бизнес,Монолит-кирпич,1,Нет,0,B
56584,4,Бизнес,Монолит-кирпич,1,Нет,0,B
56582,4,Бизнес,Монолит-кирпич,1,Нет,0,B
56581,4,Бизнес,Монолит-кирпич,1,Нет,0,B
56579,4,Бизнес,Монолит-кирпич,1,Нет,0,B
56573,4,Бизнес,Монолит-кирпич,1,Нет,0,B
56572,6,Бизнес,Монолит-кирпич,1,Нет,0,B
56571,4,Бизнес,Монолит-кирпич,1,Нет,0,B
56569,7,Бизнес,Монолит-кирпич,1,Нет,0,B
56567,6,Бизнес,Монолит-кирпич,1,Нет,0,B
56566,7,Бизнес,Монолит-кирпич,1,Нет,0,B
56565,4,Бизнес,Монолит-кирпич,1,Нет,0,B
56564,5,Бизнес,Монолит-кирпич,1,Нет,0,B
56563,4,Бизнес,Монолит-кирпич,1,Нет,0,B
56560,4,Бизнес,Монолит-кирпич,1,Нет,0,B
56559,8,Бизнес,Монолит-кирпич,1,Нет,0,B
56557,3,Бизнес,Монолит-кирпич,1,Нет,0,B
56556,4,Бизнес,Монолит-кирпич,1,Нет,0,B
56554,6,Бизнес,Монолит-кирпич,1,Нет,0,B
56553,4,Бизнес,Монолит-кирпич,1,Нет,0,B
56552,4,Бизнес,Монолит-кирпич,1,Нет,0,B
56548,8,Бизнес,Монолит-кирпич,1,Нет,0,B
56469,319,Бизнес,Монолит-кирпич,1,Нет,0,B
56459,86,Комфорт,Монолит-кирпич,1,Нет,0,B
56437,73,Типовой,Панель,1,Нет,0,C
56347,115,Комфорт,Монолит-кирпич,1,Нет,0,B
56346,115,Комфорт,Монолит-кирпич,1,Нет,0,B
56256,152,Комфорт,Монолит-кирпич,1,Нет,0,A
55580,305,Комфорт,Другое,1,Нет,0,B
55578,356,Комфорт,Другое,1,Нет,0,B
55555,195,Комфорт,Монолит-кирпич,1,Нет,0,C
55454,127,Комфорт,Монолит-кирпич,1,Нет,35,B
55448,285,Комфорт,Монолит-кирпич,1,Нет,0,C
55447,296,Комфорт,Монолит-кирпич,1,Нет,0,A
55426,117,Типовой,Монолит-кирпич,1,Нет,0,A
55423,216,Типовой,Монолит-кирпич,1,Нет,0,A
55417,140,Типовой,Монолит-кирпич,1,Нет,0,A
55277,840,Комфорт,Монолит-кирпич,1,Нет,0,A
55207,613,Комфорт,Монолит-кирпич,1,Нет,133,C
55162,504,Комфорт,Монолит-кирпич,1,Нет,0,B
54920,68,Комфорт,Другое,1,Нет,0,B
54734,660,Комфорт,Монолит-кирпич,1,Нет,0,A
54733,719,Комфорт,Монолит-кирпич,1,Нет,0,A
54649,72,Комфорт,Панель,1,Нет,0,B
54648,72,Комфорт,Панель,1,Нет,0,B
54647,72,Комфорт,Панель,1,Нет,0,B
54646,71,Комфорт,Панель,1,Нет,0,B
54589,237,Комфорт,Другое,1,Нет,0,B
54588,383,Комфорт,Другое,1,Нет,0,B
54466,64,Комфорт,Монолит-кирпич,1,Нет,0,B
54465,67,Комфорт,Монолит-кирпич,1,Нет,0,B
54462,126,Комфорт,Монолит-кирпич,1,Нет,0,B
54461,127,Комфорт,Монолит-кирпич,1,Нет,0,B
54460,127,Комфорт,Монолит-кирпич,1,Нет,0,B
54182,12,Комфорт,Другое,1,Нет,0,A
54181,21,Комфорт,Другое,1,Нет,0,B
54180,21,Комфорт,Другое,1,Нет,0,B
54075,352,Комфорт,Монолит-кирпич,1,Нет,0,A
53979,417,Комфорт,Панель,1,Нет,0,C
53945,203,Типовой,Монолит-кирпич,1,Нет,0,B
53944,206,Типовой,Монолит-кирпич,1,Нет,0,B
53884,215,Типовой,Кирпич,1,Нет,0,B
53883,205,Типовой,Кирпич,1,Нет,0,B
53879,138,Комфорт,Монолит-кирпич,1,Есть,0,B
53878,124,Комфорт,Монолит-кирпич,1,Есть,0,B
53877,136,Комфорт,Монолит-кирпич,1,Есть,0,B
53876,149,Комфорт,Монолит-кирпич,1,Есть,0,B
53875,144,Комфорт,Монолит-кирпич,1,Есть,0,B
53826,192,Комфорт,Другое,1,Нет,0,B
53797,143,Комфорт,Монолит-кирпич,1,Есть,0,B
53796,64,Комфорт,Монолит-кирпич,1,Есть,0,B
53795,145,Комфорт,Монолит-кирпич,1,Есть,0,B
53794,144,Комфорт,Монолит-кирпич,1,Нет,0,B
53665,374,Комфорт,Монолит-кирпич,1,Нет,0,A
53612,203,Комфорт,Монолит-кирпич,0,Нет,0,A
53611,243,Комфорт,Монолит-кирпич,0,Нет,0,A
53609,117,Комфорт,Монолит-кирпич,0,Нет,0,A
53442,762,Комфорт,Другое,1,Нет,0,C
53441,142,Комфорт,Другое,1,Нет,0,C
53440,785,Комфорт,Другое,1,Нет,0,C
53406,5,Типовой,Блоки,1,Нет,0,D
53405,5,Типовой,Блоки,1,Нет,0,D
53404,8,Типовой,Кирпич,1,Нет,0,D
53380,322,Комфорт,Другое,1,Нет,0,B
53377,552,Комфорт,Монолит-кирпич,1,Нет,0,C
53368,473,Комфорт,Монолит-кирпич,1,Нет,0,B
53367,218,Комфорт,Монолит-кирпич,1,Нет,0,B
53366,568,Комфорт,Монолит-кирпич,1,Нет,0,B
52763,270,Комфорт,Монолит-кирпич,1,Нет,0,C
52762,87,Комфорт,Монолит-кирпич,2,Есть,0,C
52761,166,Комфорт,Монолит-кирпич,1,Нет,0,C
52647,204,Комфорт,Другое,1,Нет,0,A
52646,174,Комфорт,Другое,1,Нет,0,A
52645,160,Комфорт,Другое,1,Нет,0,A
52644,466,Комфорт,Другое,1,Нет,0,A
52643,174,Комфорт,Другое,1,Нет,0,A
52464,336,Комфорт,Монолит-кирпич,1,Нет,0,A+
52460,72,Комфорт,Монолит,3,Есть,0,B
52459,72,Комфорт,Монолит,3,Есть,0,B
52458,72,Комфорт,Монолит,3,Есть,0,B
52386,96,Комфорт,Монолит-кирпич,1,Нет,0,C
52384,322,Комфорт,Другое,1,Нет,0,A
52383,203,Комфорт,Другое,1,Нет,0,A
52359,848,Комфорт,Другое,1,Нет,45,B
52194,940,Комфорт,Монолит-кирпич,1,Нет,0,B
52193,487,Комфорт,Монолит-кирпич,1,Нет,0,B
52192,550,Комфорт,Монолит-кирпич,1,Нет,0,B
52064,268,Комфорт,Монолит-кирпич,1,Нет,0,D
52032,124,Комфорт,Другое,2,Нет,0,A
52031,124,Комфорт,Другое,1,Нет,0,A
52030,424,Комфорт,Другое,2,Нет,0,A
51904,748,Комфорт,Монолит-кирпич,1,Нет,0,A
51892,248,Комфорт,Панель,1,Нет,0,B
51719,114,Типовой,Панель,1,Нет,0,B
51557,351,Комфорт,Монолит-кирпич,1,Нет,0,A
51556,327,Комфорт,Монолит-кирпич,1,Нет,0,A
51285,464,Типовой,Монолит-кирпич,1,Нет,0,B
51235,438,Комфорт,Другое,1,Нет,0,C
51234,438,Комфорт,Другое,1,Нет,0,C
51078,293,Комфорт,Другое,0,Нет,0,C
51077,293,Комфорт,Другое,0,Нет,0,C
51076,522,Комфорт,Другое,0,Нет,0,C
51052,194,Комфорт,Монолит-кирпич,2,Нет,0,C
51051,55,Комфорт,Монолит-кирпич,1,Нет,0,B
51050,112,Комфорт,Монолит-кирпич,2,Нет,0,C
51049,197,Комфорт,Монолит-кирпич,2,Нет,0,C
51048,64,Комфорт,Монолит-кирпич,1,Нет,0,B
51047,114,Комфорт,Монолит-кирпич,1,Нет,0,C
50899,593,Комфорт,Монолит-кирпич,1,Нет,0,A
50722,259,Комфорт,Другое,1,Нет,70,B
50687,82,Комфорт,Монолит-кирпич,2,Нет,0,B
50686,85,Комфорт,Монолит-кирпич,2,Нет,0,B
50685,83,Комфорт,Монолит-кирпич,1,Нет,0,B
50298,792,Комфорт,Другое,1,Нет,145,A
50116,442,Комфорт,Монолит-кирпич,1,Нет,0,B
50031,255,Типовой,Монолит-кирпич,1,Нет,0,B
49708,173,Типовой,Панель,1,Нет,0,A
49561,898,Комфорт,Монолит-кирпич,1,Нет,0,B
49560,556,Комфорт,Монолит-кирпич,1,Нет,0,B
49397,50,Типовой,Панель,1,Нет,0,B
49237,59,Комфорт,Панель,1,Нет,0,B
49236,59,Комфорт,Панель,1,Нет,0,B
49235,74,Комфорт,Панель,1,Нет,0,B
49158,103,Типовой,Панель,1,Нет,0,A
49072,147,Комфорт,Блоки,1,Нет,0,B
49071,158,Комфорт,Блоки,1,Нет,0,B
49070,211,Комфорт,Блоки,1,Нет,0,B
48763,1146,Типовой,Монолит-кирпич,1,Нет,0,B
48743,242,Комфорт,Монолит-кирпич,1,Нет,0,C
48742,220,Комфорт,Монолит-кирпич,1,Нет,0,C
48646,21,Типовой,Монолит-кирпич,1,Нет,0,B
48645,24,Типовой,Монолит-кирпич,1,Нет,0,B
48644,36,Типовой,Монолит-кирпич,1,Нет,0,B
48530,115,Комфорт,Монолит-кирпич,1,Нет,0,B
48529,115,Комфорт,Монолит-кирпич,1,Нет,0,B
48528,115,Комфорт,Монолит-кирпич,1,Нет,0,B
48527,115,Комфорт,Монолит-кирпич,1,Нет,0,B
48526,115,Комфорт,Монолит-кирпич,1,Нет,0,B
48525,115,Комфорт,Монолит-кирпич,1,Нет,0,B
48524,115,Комфорт,Монолит-кирпич,1,Нет,0,B
48523,115,Комфорт,Монолит-кирпич,1,Нет,0,B
48521,539,Комфорт,Монолит-кирпич,2,Нет,140,A
48465,903,Комфорт,Монолит-кирпич,1,Нет,0,A
48464,769,Комфорт,Монолит-кирпич,1,Нет,0,A
48456,47,Комфорт,Панель,1,Нет,0,B
48455,59,Комфорт,Панель,1,Нет,0,B
48454,224,Комфорт,Панель,1,Нет,0,B
48453,111,Комфорт,Панель,1,Нет,0,B
48452,85,Комфорт,Панель,1,Нет,0,B
48451,162,Комфорт,Панель,1,Нет,0,B
48430,755,Комфорт,Монолит-кирпич,1,Нет,44,B
48424,175,Комфорт,Монолит-кирпич,1,Нет,0,A
48225,279,Комфорт,Монолит-кирпич,1,Нет,296,B
48146,224,Комфорт,Панель,1,Нет,0,B
48089,56,Комфорт,Кирпич,1,Нет,0,A
48087,35,Комфорт,Кирпич,1,Нет,0,A
48086,532,Комфорт,Панель,1,Нет,400,B
48054,332,Комфорт,Монолит,1,Нет,198,B
48046,110,Комфорт,Монолит-кирпич,1,Нет,0,B
48045,79,Комфорт,Монолит-кирпич,1,Нет,0,B
48044,66,Комфорт,Монолит-кирпич,1,Нет,0,B
48043,142,Комфорт,Монолит-кирпич,1,Нет,0,B
48042,136,Комфорт,Монолит-кирпич,1,Нет,0,B
47985,426,Комфорт,Другое,1,Нет,318,B
47749,178,Типовой,Кирпич,1,Нет,0,C
47671,190,Комфорт,Другое,1,Нет,0,B
47670,180,Комфорт,Другое,1,Нет,0,B
47669,418,Комфорт,Другое,1,Нет,0,B
47668,635,Комфорт,Другое,1,Нет,0,B
47667,150,Комфорт,Другое,1,Нет,0,B
47666,153,Комфорт,Другое,1,Нет,0,B
47665,421,Комфорт,Другое,1,Нет,0,B
47664,261,Комфорт,Другое,1,Нет,0,B
47562,414,Типовой,Монолит-кирпич,2,Нет,0,B
47499,264,Комфорт,Монолит-кирпич,1,Нет,0,B
47498,363,Комфорт,Монолит-кирпич,1,Нет,0,B
47497,429,Комфорт,Монолит-кирпич,1,Нет,257,B
47496,253,Комфорт,Монолит-кирпич,1,Нет,0,B
47478,597,Комфорт,Монолит-кирпич,2,Нет,0,B
47477,728,Комфорт,Монолит-кирпич,2,Нет,0,B
47089,902,Комфорт,Другое,1,Нет,0,A+
46911,231,Комфорт,Панель,1,Нет,0,B
46910,223,Комфорт,Панель,1,Нет,0,B
46901,311,Комфорт,Монолит-кирпич,1,Нет,0,B
46900,330,Комфорт,Монолит-кирпич,1,Нет,0,B
46866,1197,Комфорт,Монолит-кирпич,2,Нет,0,C
46657,532,Типовой,Другое,1,Нет,0,A
46527,135,Типовой,Другое,1,Нет,0,A
46526,110,Типовой,Другое,1,Нет,0,A++
46525,330,Типовой,Другое,1,Нет,0,A+
46433,415,Комфорт,Монолит-кирпич,0,Нет,0,B
46346,167,Типовой,Другое,1,Нет,0,A
46345,278,Типовой,Другое,1,Нет,0,A
46296,832,Типовой,Другое,1,Нет,0,B
45696,1565,Типовой,Монолит,1,Нет,211,A
45587,63,Комфорт,Другое,1,Нет,0,B
45509,208,Комфорт,Монолит-кирпич,1,Нет,17,D
45233,504,Комфорт,Монолит-кирпич,1,Нет,0,B
44644,1132,Комфорт,Монолит-кирпич,2,Нет,0,C
44626,524,Комфорт,Блоки,1,Нет,499,A
44625,262,Комфорт,Блоки,1,Нет,0,B
44624,522,Комфорт,Блоки,1,Нет,499,B
44623,973,Комфорт,Блоки,1,Нет,0,B
44043,80,Типовой,Монолит-кирпич,1,Нет,61,B
44022,96,Типовой,Монолит-кирпич,1,Нет,0,B
44021,223,Типовой,Монолит-кирпич,1,Нет,0,B
44020,223,Типовой,Монолит-кирпич,1,Нет,0,B
44019,107,Типовой,Монолит-кирпич,1,Нет,0,B
43937,239,Комфорт,Другое,0,Нет,0,B
43936,212,Комфорт,Другое,0,Нет,0,B
43774,300,Комфорт,Монолит-кирпич,1,Нет,0,B
43773,135,Комфорт,Монолит-кирпич,1,Нет,0,B
43772,334,Комфорт,Монолит-кирпич,1,Нет,0,B
43771,282,Комфорт,Монолит-кирпич,1,Нет,0,B
43426,396,Типовой,Панель,1,Есть,0,B
43353,667,Комфорт,Монолит-кирпич,0,Нет,0,B
43347,398,Комфорт,Панель,1,Нет,0,C
43345,397,Комфорт,Панель,1,Нет,0,C
43276,32,Комфорт,Монолит-кирпич,1,Нет,0,B
43123,1169,Комфорт,Другое,0,Нет,0,D
43121,817,Комфорт,Другое,0,Нет,0,D
42853,95,Типовой,Панель,1,Нет,0,B
42774,92,Типовой,Другое,1,Нет,0,A
42773,260,Типовой,Другое,1,Нет,0,A
42727,604,Комфорт,Другое,0,Нет,0,C
42726,48,Типовой,Другое,0,Нет,0,C
42725,571,Комфорт,Другое,0,Нет,0,C
42724,48,Комфорт,Другое,0,Нет,0,C
42723,571,Комфорт,Другое,0,Нет,0,C
42722,144,Комфорт,Другое,0,Нет,0,C
42721,604,Комфорт,Другое,0,Нет,0,C
42672,380,Комфорт,Панель,0,Нет,0,B
42647,267,Типовой,Панель,1,Нет,0,A
42646,63,Типовой,Панель,1,Нет,0,B
42645,150,Типовой,Панель,1,Нет,0,B
42454,176,Типовой,Панель,1,Нет,185,D
42384,860,Типовой,Другое,1,Нет,0,A+
42315,622,Комфорт,Монолит-кирпич,1,Нет,0,B
42301,568,Комфорт,Монолит-кирпич,1,Нет,0,B
42251,437,Комфорт,Монолит-кирпич,1,Нет,89,B
42203,70,Типовой,Монолит-кирпич,1,Нет,0,A
42135,440,Комфорт,Монолит-кирпич,1,Нет,72,C
42077,258,Комфорт,Монолит-кирпич,1,Нет,0,B
42076,288,Комфорт,Монолит-кирпич,1,Нет,0,B
41860,163,Типовой,Другое,1,Нет,0,A+
41859,136,Типовой,Другое,1,Нет,0,A+
41858,439,Типовой,Другое,1,Нет,0,A+
41857,207,Типовой,Другое,1,Нет,0,A+
41610,172,Типовой,Панель,1,Нет,0,B
41490,24,Типовой,Панель,1,Нет,0,B
41386,176,Комфорт,Монолит-кирпич,1,Нет,0,B
41385,451,Комфорт,Монолит-кирпич,1,Нет,0,B
41313,316,Комфорт,Другое,0,Нет,0,D
41281,540,Комфорт,Другое,0,Нет,0,D
41271,55,Комфорт,Другое,1,Есть,7,C
41270,63,Комфорт,Другое,1,Есть,61,B
41269,62,Комфорт,Другое,1,Есть,77,C
41248,874,Комфорт,Монолит-кирпич,1,Нет,0,B
41245,71,Комфорт,Монолит-кирпич,0,Нет,0,B
41244,71,Комфорт,Монолит-кирпич,0,Нет,0,B
41243,71,Комфорт,Монолит-кирпич,0,Нет,0,B
41242,71,Комфорт,Монолит-кирпич,0,Нет,0,B
41181,114,Типовой,Панель,1,Нет,0,B
41179,55,Комфорт,Монолит-кирпич,0,Нет,0,C
41163,512,Комфорт,Другое,1,Нет,0,D
41162,1119,Комфорт,Другое,1,Нет,0,D
41161,146,Комфорт,Другое,1,Нет,0,D
41160,1119,Комфорт,Другое,1,Нет,0,D
41158,330,Комфорт,Другое,1,Нет,0,D
41157,512,Комфорт,Другое,1,Нет,0,D
40956,171,Типовой,Панель,1,Нет,0,B
40413,218,Комфорт,Монолит-кирпич,1,Нет,0,C
40371,605,Типовой,Другое,1,Нет,0,A+
40331,341,Комфорт,Монолит-кирпич,1,Нет,0,A
40330,649,Комфорт,Монолит-кирпич,1,Нет,40,A
40253,178,Комфорт,Монолит-кирпич,0,Нет,0,C
40252,53,Комфорт,Монолит-кирпич,0,Нет,0,A
40229,121,Типовой,Другое,1,Нет,0,A+
40228,132,Типовой,Другое,1,Нет,0,A+
40115,1032,Комфорт,Другое,1,Нет,0,B
40112,359,Комфорт,Другое,1,Нет,0,B
40111,553,Комфорт,Другое,1,Нет,0,B
40057,96,Комфорт,Панель,1,Нет,0,B
39985,149,Типовой,Панель,1,Нет,0,A
39662,211,Комфорт,Панель,0,Нет,80,D
39661,429,Типовой,Панель,1,Есть,0,B
39660,71,Типовой,Панель,1,Есть,0,B
39312,65,Комфорт,Монолит-кирпич,1,Нет,20,B
39144,767,Комфорт,Монолит-кирпич,1,Нет,0,B
39019,44,Комфорт,Панель,0,Нет,0,B
39018,43,Комфорт,Панель,0,Нет,0,B
39017,76,Комфорт,Панель,0,Нет,0,B
39016,62,Комфорт,Панель,0,Нет,0,B
39015,73,Комфорт,Панель,0,Нет,0,B
39014,102,Комфорт,Панель,0,Нет,0,B
39010,382,Комфорт,Монолит-кирпич,1,Нет,0,C
39009,315,Комфорт,Монолит-кирпич,1,Нет,0,C
39008,363,Комфорт,Монолит-кирпич,1,Нет,258,C
39007,176,Комфорт,Монолит-кирпич,1,Нет,0,C
38921,331,Типовой,Другое,1,Нет,0,A
38781,355,Типовой,Панель,1,Нет,0,B
38124,245,Комфорт,Монолит-кирпич,1,Нет,0,B
38123,212,Комфорт,Монолит-кирпич,1,Нет,0,B
38122,224,Комфорт,Монолит-кирпич,1,Нет,0,B
38105,504,Комфорт,Монолит-кирпич,1,Нет,0,B
38102,153,Комфорт,Другое,0,Нет,0,B
38101,69,Комфорт,Другое,0,Нет,0,B
38030,62,Комфорт,Другое,0,Нет,0,B
38029,230,Комфорт,Другое,0,Нет,0,B
38028,47,Комфорт,Другое,0,Нет,0,B
38027,120,Комфорт,Другое,0,Нет,0,A
38026,435,Комфорт,Другое,0,Нет,0,C
38025,452,Комфорт,Другое,0,Нет,0,C
38024,473,Комфорт,Другое,0,Нет,0,C
38023,330,Комфорт,Другое,0,Нет,0,C
37727,330,Комфорт,Другое,1,Есть,0,C
37726,493,Комфорт,Другое,1,Есть,234,C
37725,176,Комфорт,Монолит,1,Есть,0,B
37724,105,Комфорт,Монолит-кирпич,1,Есть,0,A
37534,539,Комфорт,Монолит-кирпич,1,Нет,0,A
37533,441,Комфорт,Монолит-кирпич,1,Нет,0,A
37511,615,Комфорт,Монолит-кирпич,1,Нет,0,B
37510,541,Комфорт,Монолит-кирпич,0,Нет,49,B
37509,969,Комфорт,Монолит-кирпич,0,Нет,0,B
37469,51,Типовой,Монолит,1,Нет,0,A+
37468,54,Типовой,Монолит,1,Нет,0,A+
37467,47,Типовой,Монолит-кирпич,1,Нет,0,A+
37302,296,Комфорт,Другое,0,Нет,0,B
37301,505,Комфорт,Другое,0,Нет,0,B
37300,147,Комфорт,Другое,0,Нет,0,B
37299,504,Комфорт,Другое,0,Нет,0,B
37298,296,Комфорт,Другое,0,Нет,0,B
37297,72,Комфорт,Монолит-кирпич,0,Нет,0,B
37296,90,Комфорт,Монолит-кирпич,0,Нет,0,B
37295,90,Комфорт,Монолит-кирпич,0,Нет,0,B
37294,306,Комфорт,Другое,0,Нет,0,D
37293,168,Комфорт,Другое,0,Нет,0,D
37292,135,Типовой,Монолит-кирпич,1,Нет,0,B
37291,60,Типовой,Монолит-кирпич,1,Нет,0,B
37290,135,Типовой,Монолит-кирпич,1,Нет,0,B
37289,60,Типовой,Монолит-кирпич,1,Нет,0,B
37288,135,Типовой,Монолит-кирпич,1,Нет,0,B
37287,135,Типовой,Монолит-кирпич,1,Нет,0,B
37189,479,Комфорт,Монолит-кирпич,1,Нет,28,B
37188,479,Комфорт,Монолит-кирпич,1,Нет,0,B
36956,360,Типовой,Другое,1,Нет,0,B
36955,360,Типовой,Другое,1,Нет,0,B
36954,360,Типовой,Другое,1,Нет,0,B
36776,824,Типовой,Блоки,0,Нет,0,B
36444,102,Комфорт,Панель,1,Нет,0,B
36443,92,Комфорт,Панель,1,Нет,0,B
36442,71,Комфорт,Панель,1,Нет,0,B
36441,346,Типовой,Блоки,0,Нет,0,B
35996,177,Комфорт,Другое,0,Нет,0,D
35995,62,Комфорт,Другое,0,Нет,0,D
35918,1559,Типовой,Монолит-кирпич,1,Нет,0,B
35917,1098,Типовой,Монолит-кирпич,1,Нет,0,B
35627,403,Комфорт,Монолит-кирпич,1,Нет,0,B
35626,192,Типовой,Панель,1,Нет,0,B
35558,504,Комфорт,Монолит-кирпич,1,Нет,0,B
35501,215,Комфорт,Монолит-кирпич,1,Нет,0,B
35500,223,Комфорт,Монолит-кирпич,1,Нет,0,B
35090,97,Комфорт,Монолит-кирпич,1,Нет,0,B
34956,444,Типовой,Другое,1,Нет,0,B
34830,104,Типовой,Монолит-кирпич,1,Нет,0,C
34374,191,Комфорт,Другое,0,Нет,0,B
34373,195,Комфорт,Другое,0,Нет,0,B
34372,401,Комфорт,Другое,0,Нет,0,B
34357,358,Типовой,Монолит-кирпич,1,Нет,0,B
34356,358,Типовой,Монолит-кирпич,1,Нет,0,B
33329,904,Типовой,Монолит-кирпич,0,Нет,0,D
33328,980,Типовой,Монолит-кирпич,0,Нет,0,D
33327,1381,Типовой,Монолит-кирпич,0,Нет,68,D
32377,546,Типовой,Панель,1,Нет,39,B
32376,557,Типовой,Панель,1,Нет,0,B
32375,168,Типовой,Панель,1,Нет,35,B
32374,884,Типовой,Панель,1,Нет,84,B
33665,504,Комфорт,Монолит-кирпич,1,Нет,0,B
32665,33,Комфорт,Монолит-кирпич,1,Нет,0,B
32664,33,Комфорт,Монолит-кирпич,1,Нет,0,B
32663,33,Комфорт,Монолит-кирпич,1,Нет,0,B
32662,33,Комфорт,Монолит-кирпич,1,Нет,0,B
32661,33,Комфорт,Монолит-кирпич,1,Нет,0,B
32660,33,Комфорт,Монолит-кирпич,1,Нет,0,B
32659,33,Комфорт,Монолит-кирпич,1,Нет,0,B
32658,33,Комфорт,Монолит-кирпич,1,Нет,0,B
32925,770,Типовой,Другое,1,Нет,0,C
32457,24,Типовой,Кирпич,1,Нет,0,B
32456,27,Типовой,Кирпич,1,Нет,0,B
32396,7,Комфорт,Кирпич,0,Есть,0,C
32389,5,Комфорт,Кирпич,0,Есть,0,C
32370,24,Комфорт,Кирпич,0,Есть,0,C
32369,20,Комфорт,Кирпич,0,Есть,0,C
31819,194,Типовой,Монолит-кирпич,1,Нет,0,B
30855,508,Типовой,Монолит-кирпич,1,Нет,0,C
30530,454,Типовой,Монолит-кирпич,1,Нет,0,C
30529,727,Типовой,Монолит-кирпич,1,Нет,0,C
30528,479,Типовой,Монолит-кирпич,1,Нет,0,C
30012,70,Типовой,Кирпич,1,Есть,0,B
30011,70,Типовой,Кирпич,1,Есть,0,B
30010,70,Типовой,Кирпич,1,Есть,0,B
30009,70,Типовой,Кирпич,1,Есть,0,B
29772,7,Типовой,Кирпич,1,Нет,0,B
29462,380,Комфорт,Монолит-кирпич,1,Нет,0,B
29205,128,Комфорт,Панель,0,Нет,0,C
29204,160,Комфорт,Панель,1,Нет,0,C
29203,72,Комфорт,Панель,1,Нет,0,C
29202,160,Комфорт,Панель,1,Нет,0,C
29201,79,Комфорт,Панель,1,Нет,0,C
29200,74,Комфорт,Панель,1,Нет,0,C
29199,41,Комфорт,Панель,1,Нет,0,C
28084,64,Комфорт,Монолит-кирпич,1,Нет,0,B
28083,72,Комфорт,Монолит-кирпич,1,Нет,0,B
28082,93,Комфорт,Монолит-кирпич,1,Нет,0,B
28081,104,Комфорт,Монолит-кирпич,1,Нет,0,B
28080,133,Комфорт,Монолит-кирпич,1,Нет,0,B
28079,181,Комфорт,Монолит-кирпич,1,Нет,0,B
27840,24,Типовой,Монолит-кирпич,1,Нет,0,B
27838,24,Типовой,Монолит-кирпич,1,Нет,0,B
27361,70,Комфорт,Монолит-кирпич,1,Нет,0,B
27358,207,Комфорт,Монолит-кирпич,1,Нет,0,B
26629,179,Комфорт,Монолит-кирпич,1,Нет,0,B
26628,115,Комфорт,Монолит-кирпич,1,Нет,0,B
26627,227,Комфорт,Монолит-кирпич,1,Нет,0,B
26285,280,Комфорт,Кирпич,1,Нет,80,A
25575,278,Комфорт,Монолит-кирпич,0,Нет,0,C
25574,333,Комфорт,Монолит-кирпич,0,Нет,0,C
25141,276,Типовой,Монолит-кирпич,1,Нет,0,C
25140,92,Типовой,Монолит-кирпич,1,Нет,0,C
25133,22,Комфорт,Кирпич,0,Нет,0,A
24254,205,Комфорт,Другое,0,Нет,0,B
23683,54,Типовой,Блоки,1,Нет,0,B
23682,54,Типовой,Блоки,1,Нет,0,B
23680,30,Типовой,Блоки,1,Нет,0,B
23494,251,Типовой,Кирпич,1,Нет,0,B
23441,259,Комфорт,Другое,0,Нет,0,C
23440,259,Комфорт,Другое,0,Нет,0,C
23277,32,Типовой,Монолит-кирпич,1,Нет,0,B
23275,27,Типовой,Монолит-кирпич,1,Нет,0,B
23274,32,Типовой,Монолит-кирпич,1,Нет,0,B
23273,31,Типовой,Монолит-кирпич,1,Нет,0,B
23272,31,Типовой,Монолит-кирпич,1,Нет,0,B
23229,192,Типовой,Монолит,1,Нет,0,B
22767,156,Типовой,Монолит-кирпич,0,Нет,0,C
22766,686,Типовой,Монолит-кирпич,0,Нет,0,C
21835,486,Типовой,Монолит-кирпич,1,Нет,0,C
21447,610,Типовой,Кирпич,1,Нет,0,B
21142,1368,Комфорт,Монолит-кирпич,0,Нет,0,C
21141,420,Комфорт,Монолит-кирпич,0,Нет,0,C
21140,1151,Комфорт,Монолит-кирпич,0,Нет,0,C
21139,660,Комфорт,Монолит-кирпич,1,Нет,0,C
21002,55,Комфорт,Монолит-кирпич,1,Нет,28,B
21001,60,Комфорт,Монолит-кирпич,1,Нет,40,B
20843,155,Комфорт,Монолит-кирпич,0,Нет,0,B
20280,583,Комфорт,Другое,1,Нет,0,B
20169,216,Типовой,Монолит-кирпич,0,Нет,0,B
20167,900,Типовой,Монолит-кирпич,0,Нет,0,B
19457,229,Комфорт,Монолит-кирпич,1,Нет,96,C
19194,739,Комфорт,Монолит-кирпич,0,Нет,0,C
19193,1709,Комфорт,Монолит-кирпич,0,Нет,0,C
19192,289,Комфорт,Монолит-кирпич,0,Нет,0,C
19191,91,Комфорт,Монолит-кирпич,0,Нет,0,C
19189,117,Комфорт,Монолит-кирпич,0,Нет,0,C
19188,848,Комфорт,Монолит-кирпич,0,Нет,0,C
19187,1422,Комфорт,Монолит-кирпич,1,Нет,0,C
17848,15,Комфорт,Кирпич,1,Есть,0,B
17399,274,Комфорт,Монолит-кирпич,0,Нет,0,B
17398,604,Комфорт,Монолит-кирпич,0,Нет,0,B
17397,817,Комфорт,Монолит-кирпич,0,Нет,0,B
17396,352,Комфорт,Монолит-кирпич,0,Нет,0,B
17395,272,Комфорт,Монолит-кирпич,0,Нет,0,B
17394,369,Комфорт,Монолит-кирпич,0,Нет,0,B
17393,272,Комфорт,Монолит-кирпич,0,Нет,0,B
17392,272,Комфорт,Монолит-кирпич,0,Нет,0,B
17391,369,Комфорт,Монолит-кирпич,0,Нет,0,B
17390,272,Комфорт,Монолит-кирпич,0,Нет,0,B
17389,344,Комфорт,Монолит-кирпич,0,Нет,0,B
17388,256,Комфорт,Монолит-кирпич,0,Нет,0,B
14203,630,Комфорт,Другое,1,Нет,0,B
10443,652,Комфорт,Другое,1,Нет,0,B
10430,544,Комфорт,Другое,1,Есть,0,A+
9455,93,Типовой,Монолит-кирпич,1,Нет,0,C
9454,72,Типовой,Монолит-кирпич,1,Нет,0,C
9453,62,Типовой,Монолит-кирпич,1,Нет,0,C
9452,124,Типовой,Монолит-кирпич,1,Нет,0,C
8001,638,Типовой,Монолит-кирпич,1,Нет,0,B
7940,68,Типовой,Монолит-кирпич,1,Нет,0,C
7939,142,Типовой,Монолит-кирпич,1,Нет,0,C
7572,60,Типовой,Монолит-кирпич,1,Нет,0,C
7571,182,Типовой,Монолит-кирпич,1,Нет,0,C
5644,54,Комфорт,Другое,0,Есть,0,B
5643,36,Комфорт,Другое,0,Есть,0,B
5642,28,Комфорт,Другое,0,Есть,0,B
5641,48,Комфорт,Другое,0,Есть,0,B
5114,869,Комфорт,Другое,0,Нет,274,C
4952,780,Комфорт,Монолит-кирпич,1,Нет,228,B
4951,740,Комфорт,Монолит-кирпич,1,Нет,149,B
3645,48,Комфорт,Панель,1,Нет,0,B
3643,48,Комфорт,Панель,1,Нет,0,B
3642,48,Комфорт,Панель,1,Нет,0,B
3639,48,Комфорт,Панель,1,Нет,0,B
3637,48,Комфорт,Панель,1,Нет,0,B
3636,36,Комфорт,Панель,1,Нет,0,B
3635,48,Комфорт,Панель,1,Нет,0,B
3634,48,Комфорт,Панель,1,Нет,0,B
3633,36,Комфорт,Панель,1,Нет,0,B
3632,46,Комфорт,Панель,1,Нет,0,B
3630,48,Комфорт,Панель,1,Нет,0,B
3628,48,Комфорт,Панель,1,Нет,0,B
3645,48,Комфорт,Панель,1,Нет,0,B
3643,48,Комфорт,Панель,1,Нет,0,B
3642,48,Комфорт,Панель,1,Нет,0,B
3639,48,Комфорт,Панель,1,Нет,0,B
3637,48,Комфорт,Панель,1,Нет,0,B
3636,36,Комфорт,Панель,1,Нет,0,B
3635,48,Комфорт,Панель,1,Нет,0,B
3634,48,Комфорт,Панель,1,Нет,0,B
3633,36,Комфорт,Панель,1,Нет,0,B
3632,46,Комфорт,Панель,1,Нет,0,B
3630,48,Комфорт,Панель,1,Нет,0,B
3628,48,Комфорт,Панель,1,Нет,0,B
